[
  {
    "id": "79975e1f-8928-4207-b06e-38a32c2f2e36",
    "data": [
      {
        "text": "please let us know list of all ",
        "userDefined": false
      },
      {
        "text": "telugu",
        "alias": "Language",
        "meta": "@Language",
        "userDefined": false
      },
      {
        "text": " ",
        "userDefined": false
      },
      {
        "text": "movies",
        "alias": "Movie_name",
        "meta": "@Movie_name",
        "userDefined": false
      }
    ],
    "isTemplate": false,
    "count": 0
  },
  {
    "id": "93d898a9-68a3-484c-ba3e-bdf4326c93d3",
    "data": [
      {
        "text": "list all ",
        "userDefined": false
      },
      {
        "text": "hindi",
        "alias": "Language",
        "meta": "@Language",
        "userDefined": false
      },
      {
        "text": " ",
        "userDefined": false
      },
      {
        "text": "movies",
        "alias": "Movie_name",
        "meta": "@Movie_name",
        "userDefined": false
      }
    ],
    "isTemplate": false,
    "count": 0
  },
  {
    "id": "78f352a6-c923-4bba-912c-fbfd7a60d50f",
    "data": [
      {
        "text": "I like ",
        "userDefined": false
      },
      {
        "text": "hindi",
        "alias": "Language",
        "meta": "@Language",
        "userDefined": false
      },
      {
        "text": " ",
        "userDefined": false
      },
      {
        "text": "movie",
        "alias": "Movie_name",
        "meta": "@Movie_name",
        "userDefined": false
      }
    ],
    "isTemplate": false,
    "count": 0
  },
  {
    "id": "588f57a4-ca7e-4a69-9ba2-b471f0d13041",
    "data": [
      {
        "text": "I would like to watch ",
        "userDefined": false
      },
      {
        "text": "hindi",
        "alias": "Language",
        "meta": "@Language",
        "userDefined": false
      },
      {
        "text": " ",
        "userDefined": false
      },
      {
        "text": "movie",
        "alias": "Movie_name",
        "meta": "@Movie_name",
        "userDefined": false
      }
    ],
    "isTemplate": false,
    "count": 0
  },
  {
    "id": "e9bc7297-e58d-4339-857d-c750a39a6c97",
    "data": [
      {
        "text": "we would like to watch ",
        "userDefined": false
      },
      {
        "text": "English",
        "alias": "Language",
        "meta": "@Language",
        "userDefined": false
      },
      {
        "text": " ",
        "userDefined": false
      },
      {
        "text": "movie",
        "alias": "Movie_name",
        "meta": "@Movie_name",
        "userDefined": false
      }
    ],
    "isTemplate": false,
    "count": 0
  }
]