[
  {
    "id": "d4f16cf1-0e9e-4974-9358-b77c0571c55b",
    "data": [
      {
        "text": "we would like to book a ticket in ",
        "userDefined": false
      },
      {
        "text": "chennai",
        "alias": "Location",
        "meta": "@Location",
        "userDefined": false
      }
    ],
    "isTemplate": false,
    "count": 0
  },
  {
    "id": "19437b06-4f94-4919-b46d-afc9032a74c3",
    "data": [
      {
        "text": "i would like to watch ",
        "userDefined": false
      },
      {
        "text": "movie",
        "alias": "Movie_name",
        "meta": "@Movie_name",
        "userDefined": false
      },
      {
        "text": " in ",
        "userDefined": false
      },
      {
        "text": "hyderabad",
        "alias": "Location",
        "meta": "@Location",
        "userDefined": false
      }
    ],
    "isTemplate": false,
    "count": 0
  },
  {
    "id": "9ecbaffd-5df3-4194-ab43-b60fb73cc855",
    "data": [
      {
        "text": "I am located in ",
        "userDefined": false
      },
      {
        "text": "bangalore",
        "alias": "Location",
        "meta": "@Location",
        "userDefined": false
      }
    ],
    "isTemplate": false,
    "count": 0
  },
  {
    "id": "0238deb0-cf56-41ce-ada9-886df0749b29",
    "data": [
      {
        "text": "I am from ",
        "userDefined": false
      },
      {
        "text": "mumbai",
        "alias": "Location",
        "meta": "@Location",
        "userDefined": false
      }
    ],
    "isTemplate": false,
    "count": 0
  },
  {
    "id": "addaee41-a5ae-448d-982f-537206a5b8e7",
    "data": [
      {
        "text": "I am located in ",
        "userDefined": false
      },
      {
        "text": "chennai",
        "alias": "Location",
        "meta": "@Location",
        "userDefined": false
      }
    ],
    "isTemplate": false,
    "count": 0
  },
  {
    "id": "6bfe8d7c-a8d3-45fa-841c-e92ce82c978a",
    "data": [
      {
        "text": "my location is ",
        "userDefined": false
      },
      {
        "text": "Bangalore",
        "alias": "Location",
        "meta": "@Location",
        "userDefined": false
      }
    ],
    "isTemplate": false,
    "count": 0
  }
]