[
  {
    "id": "b4cafcb7-b108-4d4a-a967-ebafddbd4af6",
    "data": [
      {
        "text": "monday",
        "alias": "Day",
        "meta": "@Day",
        "userDefined": false
      },
      {
        "text": " ",
        "userDefined": false
      },
      {
        "text": "5 pm",
        "alias": "time",
        "meta": "@sys.time",
        "userDefined": false
      },
      {
        "text": " for ",
        "userDefined": false
      },
      {
        "text": "6",
        "alias": "number",
        "meta": "@sys.number",
        "userDefined": false
      },
      {
        "text": " members",
        "userDefined": false
      }
    ],
    "isTemplate": false,
    "count": 0
  },
  {
    "id": "cba54615-b4eb-4d5c-aec5-fb6840f9c9ed",
    "data": [
      {
        "text": "book for 3",
        "userDefined": false
      }
    ],
    "isTemplate": false,
    "count": 0
  },
  {
    "id": "fe55ad65-4d91-45fe-942b-18205be1813d",
    "data": [
      {
        "text": "book for ",
        "userDefined": false
      },
      {
        "text": "3",
        "alias": "number",
        "meta": "@sys.number",
        "userDefined": false
      },
      {
        "text": " members",
        "userDefined": false
      }
    ],
    "isTemplate": false,
    "count": 0
  },
  {
    "id": "f5882b4c-613e-43cd-8065-bfb0fd400a16",
    "data": [
      {
        "text": "book ",
        "userDefined": false
      },
      {
        "text": "for today",
        "alias": "date",
        "meta": "@sys.date",
        "userDefined": false
      }
    ],
    "isTemplate": false,
    "count": 0
  },
  {
    "id": "4813c7c6-17d8-4592-9d14-01828e32f33d",
    "data": [
      {
        "text": "tommorrow",
        "alias": "date",
        "meta": "@sys.date",
        "userDefined": false
      }
    ],
    "isTemplate": false,
    "count": 0
  },
  {
    "id": "2d5e9e48-8a35-4802-adab-7536307d4be1",
    "data": [
      {
        "text": "today",
        "alias": "date",
        "meta": "@sys.date",
        "userDefined": false
      }
    ],
    "isTemplate": false,
    "count": 0
  },
  {
    "id": "be8e5c67-4624-4af5-a0c3-78e296891721",
    "data": [
      {
        "text": "today",
        "alias": "date",
        "meta": "@sys.date",
        "userDefined": true
      },
      {
        "text": " ",
        "userDefined": false
      },
      {
        "text": "9 pm",
        "alias": "time",
        "meta": "@sys.time",
        "userDefined": true
      }
    ],
    "isTemplate": false,
    "count": 0
  },
  {
    "id": "34278d69-7e52-44ac-8855-9f561ee57e5d",
    "data": [
      {
        "text": "tuesday",
        "alias": "date",
        "meta": "@sys.date",
        "userDefined": false
      },
      {
        "text": " ",
        "userDefined": false
      },
      {
        "text": "3pm",
        "alias": "time",
        "meta": "@sys.time",
        "userDefined": false
      }
    ],
    "isTemplate": false,
    "count": 0
  },
  {
    "id": "32f96504-a318-469b-bc51-05100a07e7e3",
    "data": [
      {
        "text": "10:30",
        "alias": "time",
        "meta": "@sys.time",
        "userDefined": false
      }
    ],
    "isTemplate": false,
    "count": 0
  },
  {
    "id": "656ad87c-5cf4-44cc-864a-f543b894f8d6",
    "data": [
      {
        "text": "sunday",
        "alias": "date",
        "meta": "@sys.date",
        "userDefined": false
      }
    ],
    "isTemplate": false,
    "count": 0
  },
  {
    "id": "75d194bd-ab95-404e-9b19-6b180bababd5",
    "data": [
      {
        "text": "confirmed",
        "userDefined": false
      }
    ],
    "isTemplate": false,
    "count": 0
  },
  {
    "id": "78e593a1-84e0-47cd-b443-43f495bdcf39",
    "data": [
      {
        "text": "confirmed the booking",
        "userDefined": false
      }
    ],
    "isTemplate": false,
    "count": 1
  }
]