[
  {
    "id": "e61429e7-e106-43fc-93c3-dc4b41f5fc2b",
    "data": [
      {
        "text": "hi please let us know the list of movies.",
        "userDefined": false
      }
    ],
    "isTemplate": false,
    "count": 0
  },
  {
    "id": "b25ebde8-2eb5-491d-ba39-059930b22b00",
    "data": [
      {
        "text": "Hello",
        "userDefined": false
      }
    ],
    "isTemplate": false,
    "count": 0
  },
  {
    "id": "c371467a-b573-474a-9117-b3855e180648",
    "data": [
      {
        "text": "Hi",
        "userDefined": false
      }
    ],
    "isTemplate": false,
    "count": 0
  },
  {
    "id": "440c6837-2591-49df-868d-ae11e3490db6",
    "data": [
      {
        "text": "Hello, I would like to book a ",
        "userDefined": false
      },
      {
        "text": "movie",
        "meta": "@sys.ignore",
        "userDefined": true
      },
      {
        "text": " ticket",
        "userDefined": false
      }
    ],
    "isTemplate": false,
    "count": 0
  },
  {
    "id": "fb4dc49f-9171-49bd-b7c1-8bc9b3d4a097",
    "data": [
      {
        "text": "Hi, I am Sunitha and would like to book a ",
        "userDefined": false
      },
      {
        "text": "movie",
        "meta": "@sys.ignore",
        "userDefined": true
      },
      {
        "text": " ",
        "userDefined": false
      },
      {
        "text": "today",
        "meta": "@sys.ignore",
        "userDefined": true
      },
      {
        "text": ".",
        "userDefined": false
      }
    ],
    "isTemplate": false,
    "count": 0
  },
  {
    "id": "ce230719-db52-472d-ba42-d8b0a401af6a",
    "data": [
      {
        "text": "Hello , I am ",
        "userDefined": false
      },
      {
        "text": "sunitha",
        "alias": "person",
        "meta": "@sys.person",
        "userDefined": true
      }
    ],
    "isTemplate": false,
    "count": 0
  }
]